supplier_key,supplier_name,award_count,buyer_count,award_amount_pen,average_award_ticket_pen,known_buyer_amount_pen,top_buyer_share_pct,award_hhi,award_item_count,award_item_amount_pen,known_category_item_amount_pen,category_count,top_category_share_pct,contract_count,contract_amount_pen,known_buyer_amount_coverage_pct,known_category_item_amount_coverage_pct,effective_award_count,is_score_eligible,component_award_amount_materiality,component_buyer_dependency,component_category_dependency,component_award_concentration,component_limited_buyer_breadth,score_baseline,rank_baseline,score_dependency_heavy,rank_dependency_heavy,score_materiality_heavy,rank_materiality_heavy,score_balanced_equal,rank_balanced_equal,exposure_band,maximum_absolute_rank_shift,scenario_score_range
1329,COTRINA AVILA JUANA GUADALUPE,2,1,814315.0,407157.5,814315.0,100.0,8648.782569465067,2,814315.0,814315.0,1,100.0,0.0,0.0,100.0,100.0,1.1562320962149597,True,79.7752808988764,80.0561797752809,75.0,95.50561797752809,79.21348314606742,80.96910112359551,1,79.76123595505618,1,81.4185393258427,2,81.91011235955057,1,HIGHER_RELATIVE,1,2.1488764044943878
12731,BAKER BOTTS LLP,3,1,40354600.0,13451533.333333334,40354600.0,100.0,5055.063753414322,3,40354600.0,40354600.0,1,100.0,3.0,40354600.0,100.0,100.0,1.9782144178193084,True,100.0,80.0561797752809,75.0,35.95505617977528,79.21348314606742,76.08146067415731,2,75.82865168539325,4,80.57584269662922,3,74.04494382022472,4,HIGHER_RELATIVE,2,6.530898876404507
4193,EMPRESA DE TRANSPORTES ROMERO SRLTDA,2,1,9202678.238,4601339.119,9202678.238,100.0,7596.661196113528,2,9202678.238,9202678.238,2,86.03235487803654,2.0,9202678.238,100.0,100.0,1.316367775505906,True,98.31460674157303,80.0561797752809,43.258426966292134,91.01123595505618,79.21348314606742,76.06741573033709,3,70.0561797752809,26,83.39887640449439,1,78.37078651685394,2,HIGHER_RELATIVE,25,13.342696629213492
7971,GZ PERU S.A.,2,1,11145315.64,5572657.82,11145315.64,100.0,5039.557252661693,2,11145315.64,11145315.64,1,100.0,0.0,0.0,100.0,100.0,1.9843012984361668,True,98.87640449438203,80.0561797752809,75.0,33.146067415730336,79.21348314606742,75.43539325842697,4,75.43539325842697,7,79.70505617977528,4,73.25842696629213,10,HIGHER_RELATIVE,6,6.446629213483149
11674,CONTRATISTAS Y SERVICIOS GENERALES JM14 S.A.C.S,2,1,427437.5,213718.75,427437.5,100.0,6207.596433766319,2,427437.5,427437.5,1,100.0,1.0,318750.0,100.0,100.0,1.6109294646805392,True,61.235955056179776,80.0561797752809,75.0,76.40449438202248,79.21348314606742,74.39606741573034,5,75.99719101123596,2,71.13764044943821,18,74.38202247191012,3,HIGHER_RELATIVE,16,4.859550561797747
7455,JERUSAP S.A.C.,2,1,413700.0,206850.0,413700.0,100.0,6329.170437532637,2,413700.0,413700.0,1,100.0,0.0,0.0,100.0,100.0,1.5799858921003238,True,58.42696629213483,80.0561797752809,75.0,77.52808988764045,79.21348314606742,74.00280898876406,6,75.82865168539327,3,70.18258426966293,23,74.04494382022472,4,HIGHER_RELATIVE,20,5.646067415730343
7702,APLEZA CONTRATISTAS GENERALES S.A.C - APLEZA S.A.C.,2,1,487190.0,243595.0,487190.0,100.0,5847.939798836276,2,487190.0,487190.0,1,100.0,2.0,487190.0,100.0,100.0,1.7100039234312865,True,66.85393258426966,80.0561797752809,75.0,66.29213483146067,79.21348314606742,74.00280898876404,7,75.54775280898878,6,71.8679775280899,15,73.48314606741573,7,HIGHER_RELATIVE,9,3.6797752808988804
624,MISME MEDINA MOISES ARTURO,2,1,426920.0,213460.0,426920.0,100.0,6169.1351119590645,2,426920.0,426920.0,1,100.0,0.0,0.0,100.0,100.0,1.6209727649852703,True,60.674157303370784,80.0561797752809,75.0,74.15730337078652,79.21348314606742,73.94662921348315,8,75.71629213483146,5,70.57584269662921,19,73.82022471910113,6,HIGHER_RELATIVE,14,5.140449438202253
9379,MULTISERVICIOS EL SHILICO E.I.R.L.,2,1,740686.6799999999,370343.33999999997,740686.6799999999,100.0,5208.441610818282,2,740686.6799999999,740686.6799999999,1,100.0,0.0,0.0,100.0,100.0,1.9199600854177437,True,77.52808988764045,80.0561797752809,75.0,50.0,79.21348314606742,73.6938202247191,9,74.98595505617978,8,73.6938202247191,14,72.35955056179776,11,HIGHER_RELATIVE,6,2.6264044943820153
8831,TURF PERU S.A.C.,2,1,601124.0,300562.0,601124.0,100.0,5198.801383370039,2,601124.0,601124.0,1,100.0,0.0,0.0,100.0,100.0,1.9235203006577761,True,73.59550561797752,80.0561797752809,75.0,47.19101123595506,79.21348314606742,72.48595505617978,10,74.311797752809,10,71.6994382022472,16,71.01123595505618,16,HIGHER_RELATIVE,6,3.3005617977528203
8639,GUSFERLI GROUP S.A.C.,2,1,494000.0,247000.0,494000.0,100.0,5266.2721893491125,2,494000.0,494000.0,1,100.0,1.0,190000.0,100.0,100.0,1.898876404494382,True,67.41573033707866,80.0561797752809,75.0,53.37078651685393,79.21348314606742,72.17696629213484,11,74.31179775280899,11,70.15449438202248,24,71.01123595505618,16,HIGHER_RELATIVE,13,4.157303370786508
7243,INVERSIONES DRUMAL S.R.L,2,2,2454625.2,1227312.6,2454625.2,92.8532795964125,8672.807144336608,2,2454625.2,2454625.2,1,100.0,1.0,175425.2,100.0,100.0,1.1530292134456208,True,93.82022471910112,54.49438202247191,75.0,96.06741573033707,36.79775280898876,71.95224719101124,12,68.87640449438203,29,77.76685393258427,5,71.23595505617978,14,HIGHER_RELATIVE,24,8.89044943820224
12781,HEALTH CALIFORNIA SPA,2,1,2131833.6,1065916.8,2131833.6,100.0,5000.0,2,2131833.6,2131833.6,1,100.0,0.0,0.0,100.0,100.0,2.0,True,91.01123595505618,80.0561797752809,75.0,18.820224719101123,79.21348314606742,71.71348314606742,13,73.21629213483146,16,74.41011235955057,12,68.82022471910113,24,HIGHER_RELATIVE,12,5.589887640449433
5043,CONSTRUCCIONES Y SERVICIOS GENERALES CIX EMPRESA INDIVIDUAL DE RESPONSABILIDAD LIMITADA,3,1,2139381.23,713127.0766666667,2139381.23,100.0,4051.7068349326682,3,2139381.23,2139381.23,1,100.0,3.0,2139381.23,100.0,100.0,2.468095646452708,True,91.57303370786516,80.0561797752809,75.0,13.48314606741573,79.21348314606742,71.0252808988764,14,72.7387640449438,19,73.83426966292136,13,67.86516853932585,29,HIGHER_RELATIVE,16,5.969101123595507
8296,EMPRESA PROVEEDORA DE SERVICIOS LOGISTICOS EN MINERIA E INDUSTRIA DEL PERU EIRL - PROSELMIN-PERU EIR,2,1,793548.0,396774.0,793548.0,100.0,7282.406429475093,2,793548.0,793548.0,2,83.78169940570703,0.0,0.0,100.0,100.0,1.3731724666623402,True,78.65168539325843,80.0561797752809,40.449438202247194,88.20224719101124,79.21348314606742,71.01123595505618,15,66.82584269662921,41,74.69101123595506,11,73.31460674157304,9,HIGHER_RELATIVE,32,7.86516853932585
4197,UNIVERSIDAD DE PIURA,2,1,406700.0,203350.0,406700.0,100.0,5383.945420235157,2,406700.0,406700.0,1,100.0,1.0,259700.0,100.0,100.0,1.8573739552440012,True,56.741573033707866,80.0561797752809,75.0,57.86516853932584,79.21348314606742,70.71629213483146,16,73.6938202247191,12,66.55898876404495,33,69.77528089887642,19,HIGHER_RELATIVE,21,7.13483146067415
64,VARGAYA NAVARRO GLADYS MARLENI,2,1,200745.1,100372.55,200745.1,100.0,9999.990037121683,2,200745.1,200745.1,1,100.0,0.0,0.0,100.0,100.0,1.0000009962888243,True,24.719101123595507,80.0561797752809,75.0,100.0,79.21348314606742,70.63202247191012,17,74.70505617977528,9,60.07022471910112,48,71.79775280898878,13,HIGHER_RELATIVE,39,14.634831460674164
4717,ESTACION DE SERVICIOS TEXA'S SOCIEDAD ANONIMA CERRADA,4,1,1510740.0,377685.0,1510740.0,100.0,5592.1221670693985,4,1510740.0,1510740.0,2,94.86278247746138,2.0,250740.0,100.0,100.0,1.7882298886257324,True,86.51685393258427,80.0561797752809,47.19101123595506,62.92134831460674,79.21348314606742,70.47752808988764,18,67.44382022471909,35,75.05617977528091,9,71.17977528089888,15,HIGHER_RELATIVE,26,7.61235955056182
7834,EMPRESA CONSTRUCTORA HERMANOS CARITA SOCIEDAD COMERCIAL DE RESPONSABILIDAD LIMITADA,2,1,317500.0,158750.0,317500.0,100.0,5993.105586211173,2,317500.0,317500.0,1,100.0,1.0,88000.0,100.0,100.0,1.6685839847386996,True,45.50561797752809,80.0561797752809,75.0,69.10112359550561,79.21348314606742,70.15449438202248,19,73.6938202247191,12,63.75,40,69.77528089887642,19,HIGHER_RELATIVE,28,9.943820224719104
5600,SERVICIOS GENERALES ERLON S.A.C.,2,1,320043.8,160021.9,320043.8,100.0,5877.09095015663,2,320043.8,320043.8,1,100.0,0.0,0.0,100.0,100.0,1.701522076961135,True,46.06741573033708,80.0561797752809,75.0,66.85393258426966,79.21348314606742,69.92977528089888,20,73.5252808988764,15,63.63764044943821,41,69.43820224719101,22,HIGHER_RELATIVE,26,9.887640449438194
11221,CORPORACION MAGNOS INGENIEROS E.I.R.L.,2,1,257000.0,128500.0,257000.0,100.0,6220.987448712321,2,257000.0,257000.0,1,100.0,2.0,257000.0,100.0,100.0,1.6074618511037015,True,37.07865168539326,80.0561797752809,75.0,76.96629213483146,79.21348314606742,69.64887640449439,21,73.63764044943821,14,61.55898876404494,46,69.66292134831461,21,HIGHER_RELATIVE,32,12.078651685393268
6851,INGENIERIA PREVENTIVA SOLUCION S.A.C.- INGPREVENSO S.A.C.,2,1,372482.62,186241.31,372482.62,100.0,5254.40473648779,2,372482.62,372482.62,1,100.0,0.0,0.0,100.0,100.0,1.9031651540958978,True,53.37078651685393,80.0561797752809,75.0,52.247191011235955,79.21348314606742,69.1994382022472,22,72.79494382022472,18,64.3679775280899,37,67.97752808988764,28,HIGHER_RELATIVE,19,8.426966292134821
4023,REPRESENTACIONES DECO S.A.C,2,1,1450736.6400000001,725368.3200000001,1450736.6400000001,99.99999999999999,8347.108668511495,2,1450736.6400000001,1450736.6400000001,1,99.99999999999999,2.0,1450736.6400000001,99.99999999999999,99.99999999999999,1.198019625373256,True,85.95505617977528,58.98876404494382,48.87640449438202,94.38202247191012,79.21348314606742,69.18539325842697,23,62.69662921348315,51,75.58988764044945,8,73.48314606741573,7,HIGHER_RELATIVE,44,12.893258426966298
5493,NORDIC PHARMACEUTICAL COMPANY S.A.C,2,1,2375050.0,1187525.0,2375050.0,100.0,6074.384371151405,2,2375050.0,2375050.0,2,73.17740679143597,0.0,0.0,100.0,100.0,1.6462573635432445,True,93.25842696629213,80.0561797752809,30.89887640449438,71.34831460674157,79.21348314606742,69.01685393258428,24,63.258426966292134,50,76.57303370786518,7,70.95505617977528,18,HIGHER_RELATIVE,43,13.314606741573044
8915,JIM & CA SECURITY SOCIEDAD ANONIMA CERRADA,2,1,1590288.8900000001,795144.4450000001,1590288.8900000001,99.99999999999999,7015.6365471450545,2,1590288.8900000001,1590288.8900000001,1,99.99999999999999,0.0,0.0,99.99999999999999,99.99999999999999,1.4253874089400203,True,87.07865168539325,58.98876404494382,48.87640449438202,87.07865168539325,79.21348314606742,68.31460674157303,25,62.07865168539327,54,74.94382022471912,10,72.24719101123597,12,HIGHER_RELATIVE,44,12.86516853932585
5961,GRIFO PAJARITO EMPRESA INDIVIDUAL DE RESPONSABILIDAD LIMITADA,4,1,836935.8400000001,209233.96000000002,836935.8400000001,100.0,3516.5292758282753,4,836935.8400000001,836935.8400000001,1,100.0,4.0,836935.8400000001,100.0,100.0,2.843712995292673,True,80.89887640449439,80.0561797752809,75.0,7.303370786516854,79.21348314606742,67.96348314606742,26,71.05337078651685,23,68.63764044943821,27,64.49438202247191,35,HIGHER_RELATIVE,12,6.5589887640449405
4886,AMERICA MOVIL PERU S.A.C.,2,2,21809098.0,10904549.0,21809098.0,99.12835459770046,9827.190450954793,2,21809098.0,21809098.0,2,99.12835459770046,0.0,0.0,100.0,100.0,1.0175848376916738,True,99.43820224719101,57.86516853932584,47.752808988764045,99.43820224719101,36.79775280898876,67.7808988764045,27,61.587078651685395,56,77.10674157303372,6,68.25842696629213,27,HIGHER_RELATIVE,50,15.51966292134832
12699,MESSE FRANKFURT EXHIBITION GMBH,2,1,165052.03153720012,82526.01576860006,165052.03153720012,100.0,8232.269671407292,2,165052.03153720012,165052.03153720012,1,100.0,2.0,165052.03153720012,100.0,100.0,1.214731829635328,True,14.606741573033707,80.0561797752809,75.0,93.82022471910112,79.21348314606742,67.68258426966293,28,73.07584269662922,17,55.09831460674158,62,68.53932584269663,26,HIGHER_RELATIVE,45,17.97752808988764
7524,APL SERVICIOS GENERALES E.I.R.L.,2,1,373800.0,186900.0,373800.0,100.0,7071.489118308604,5,373800.0,373800.0,2,92.61637239165329,1.0,66600.0,100.0,100.0,1.4141293061046034,True,53.93258426966292,80.0561797752809,44.943820224719104,87.64044943820225,79.21348314606742,67.1067415730337,29,65.87078651685393,44,65.39325842696628,35,69.15730337078651,23,HIGHER_RELATIVE,21,3.764044943820224
8581,GLASSGOW MEDICAL CORPORATION S.A.C.,2,2,806900.0,403450.0,806900.0,85.74792415417028,7555.828162664622,2,806900.0,691900.0,1,100.0,1.0,115000.0,100.0,85.74792415417028,1.323481660079657,True,79.21348314606742,50.561797752808985,75.0,90.4494382022472,36.79775280898876,67.00842696629213,30,65.28089887640449,45,70.29494382022473,22,66.40449438202248,31,HIGHER_RELATIVE,23,5.014044943820238
12725,"AXN LATIN AMERICA, INC",2,1,204000.0,102000.0,204000.0,100.0,6099.805,2,204000.0,204000.0,1,100.0,2.0,204000.0,100.0,100.0,1.639396669237787,True,26.96629213483146,80.0561797752809,75.0,71.91011235955057,79.21348314606742,66.86797752808988,31,72.12078651685394,20,56.75561797752809,54,66.62921348314606,30,HIGHER_RELATIVE,34,15.36516853932585
7102,TRANS FRES CARGO G & R E.I.R.L.,2,1,268580.0,134290.0,268580.0,100.0,5346.70195957158,2,268580.0,268580.0,1,100.0,0.0,0.0,100.0,100.0,1.8703118437522332,True,38.20224719101124,80.0561797752809,75.0,56.17977528089887,79.21348314606742,66.75561797752809,32,71.67134831460675,21,58.89044943820224,50,65.73033707865169,32,HIGHER_RELATIVE,29,12.780898876404507
12522,QUADRO PERU E.I.R.L.,2,1,470892.0,235446.0,470892.0,100.0,6465.007303497476,2,470892.0,470892.0,2,77.06480466858643,0.0,0.0,100.0,100.0,1.5467886624954228,True,65.73033707865169,80.0561797752809,36.51685393258427,82.58426966292134,79.21348314606742,66.60112359550561,33,63.59550561797753,49,68.08988764044943,29,68.82022471910113,24,HIGHER_RELATIVE,25,5.224719101123604
10600,INTEROCEANICA DISTRIBUYE S.A.C.,2,1,215552.5,107776.25,215552.5,100.0,5397.184401386042,2,215552.5,215552.5,1,100.0,1.0,138152.5,100.0,100.0,1.852817924366623,True,29.775280898876403,80.0561797752809,75.0,58.98876404494382,79.21348314606742,65.49157303370787,34,71.10955056179776,22,55.94101123595506,58,64.6067415730337,34,HIGHER_RELATIVE,36,15.168539325842701
8838,CORPORACION AGUIRRE & HURTADO SOCIEDAD ANONIMA CERRADA,2,1,252586.80000000002,126293.40000000001,252586.80000000002,100.0,5125.643205946624,2,252586.80000000002,252586.80000000002,1,100.0,0.0,0.0,100.0,100.0,1.9509746578533376,True,36.51685393258427,80.0561797752809,75.0,43.258426966292134,79.21348314606742,64.48033707865169,35,70.21067415730337,24,56.27808988764045,55,62.80898876404494,39,HIGHER_RELATIVE,31,13.932584269662925
11071,CORPORACION MERAKI PERU S.A.C,2,1,236419.0,118209.5,236419.0,100.0,5133.706160790818,2,236419.0,236419.0,1,100.0,0.0,0.0,100.0,100.0,1.947910473796879,True,34.831460674157306,80.0561797752809,75.0,44.38202247191011,79.21348314606742,64.31179775280899,36,70.15449438202248,25,55.77247191011236,60,62.69662921348315,40,MEDIUM_RELATIVE,35,14.382022471910119
4677,SUPERINTENDENCY IN PERUVIAN SERVICES SOCIEDAD ANONIMA CERRADA,2,2,1948378.56,974189.28,1948378.56,94.11264307897126,8891.850558825421,2,1948378.56,1948378.56,2,94.11264307897126,0.0,0.0,100.0,100.0,1.1246252884979842,True,88.76404494382022,55.056179775280896,46.06741573033708,96.62921348314607,36.79775280898876,63.960674157303366,37,58.52528089887641,65,71.60112359550563,17,64.66292134831461,33,MEDIUM_RELATIVE,48,13.075842696629216
11784,CORPORACION FERREXPRESS E.I.R.L.,2,2,433409.4,216704.7,433409.4,86.19711524484701,7620.462304097472,2,433409.4,433409.4,1,100.0,1.0,59823.0,100.0,100.0,1.312256343637192,True,61.79775280898876,51.12359550561798,75.0,91.57303370786516,36.79775280898876,63.8623595505618,38,63.87640449438203,47,63.609550561797754,42,63.25842696629214,38,MEDIUM_RELATIVE,9,0.617977528089888
5724,"INSTITUTO DE CALIDAD Y ACREDITACION DE PROGRAMAS DE COMPUTACION, INGENIERIA Y TECNOLOGIA",2,2,396000.0,198000.0,396000.0,87.87878787878788,7869.605142332414,2,396000.0,396000.0,1,100.0,2.0,396000.0,100.0,100.0,1.2707117852975498,True,56.17977528089887,52.247191011235955,75.0,92.69662921348315,36.79775280898876,63.2443820224719,39,63.87640449438202,48,61.75561797752809,44,62.58426966292135,41,MEDIUM_RELATIVE,9,2.120786516853933
9369,GRUPO INDESCAR E.I.R.L.,3,3,986730.95,328910.31666666665,986730.95,80.44958456000595,6664.727406839448,3,986730.95,986730.95,1,100.0,0.0,0.0,100.0,100.0,1.5004364604226488,True,82.02247191011236,47.752808988764045,75.0,84.26966292134831,10.112359550561791,63.13202247191011,40,62.485955056179776,52,67.26123595505618,30,59.831460674157306,48,MEDIUM_RELATIVE,22,7.429775280898873
7233,ROYAL SH COMPANY S.A.C.,2,1,189790.0,94895.0,189790.0,100.0,5224.212264569302,2,189790.0,189790.0,1,100.0,1.0,114990.0,100.0,100.0,1.9141641827649643,True,21.910112359550563,80.0561797752809,75.0,51.12359550561798,79.21348314606742,62.73876404494382,41,69.5365168539326,27,51.615168539325836,76,61.46067415730337,44,MEDIUM_RELATIVE,49,17.92134831460676
4071,JORGE PEÑA S A JORPESA,2,2,1783898.0,891949.0,1783898.0,94.39441044274953,8941.727357118618,4,1783898.0,1683900.0,2,82.6593028089554,1.0,99998.0,100.0,94.39441044274953,1.1183521483730856,True,87.64044943820225,55.61797752808989,39.8876404494382,97.19101123595506,36.79775280898876,62.4438202247191,42,56.5308988764045,70,70.42134831460675,20,63.426966292134836,37,MEDIUM_RELATIVE,50,13.890449438202246
5536,GREY INVERSIONES S.A.C. BIC,3,3,2364500.0,788166.6666666666,2364500.0,76.65468386551068,6153.078589292229,3,2364500.0,2052500.0,1,100.0,1.0,1812500.0,100.0,86.80482131528865,1.6252027102989224,True,92.69662921348315,43.82022471910113,75.0,73.03370786516854,10.112359550561791,62.40168539325843,43,60.856741573033716,58,69.05898876404494,26,58.932584269662925,54,MEDIUM_RELATIVE,32,10.126404494382015
6549,SCD  INDUSTRIES  E.I.R.L,2,1,500000.0,250000.0,500000.0,100.0,5800.0,2,500000.0,500000.0,2,70.0,0.0,0.0,100.0,100.0,1.7241379310344827,True,68.25842696629213,80.0561797752809,25.84269662921348,65.1685393258427,79.21348314606742,61.82584269662921,44,58.37078651685393,67,64.8876404494382,36,63.70786516853932,36,MEDIUM_RELATIVE,31,6.516853932584262
138,COELHO PRADA JUAN,2,1,144000.0,72000.0,144000.0,100.0,5555.555555555557,2,144000.0,144000.0,1,100.0,2.0,144000.0,100.0,100.0,1.7999999999999996,True,7.303370786516854,80.0561797752809,75.0,61.51685393258427,79.21348314606742,61.37640449438203,45,69.11516853932585,28,47.3314606741573,101,60.61797752808989,46,MEDIUM_RELATIVE,73,21.78370786516855
9085,COMPAÑIA PERUANA DE PETROLEO GAS Y GASOLINA S.A.C.,2,2,1902905.7,951452.85,1902905.7,86.88015911666038,7720.292272940376,3,1902905.7,1902905.7,2,86.00808227123393,0.0,0.0,100.0,100.0,1.2952877490208499,True,88.20224719101124,51.68539325842696,42.69662921348315,92.13483146067416,36.79775280898876,61.32022471910112,46,55.49157303370787,74,69.52247191011237,25,62.30337078651686,42,MEDIUM_RELATIVE,49,14.0308988764045
4573,MAPFRE PERU COMPAÑIA DE SEGUROS Y REASEGUROS,2,2,1046849.75,523424.875,1046849.75,73.77216548984227,6130.231704152895,2,1046849.75,1046849.75,1,100.0,0.0,0.0,100.0,100.0,1.6312597113132852,True,83.14606741573034,37.640449438202246,75.0,72.47191011235955,36.79775280898876,61.22191011235955,47,58.70786516853933,64,66.5870786516854,32,61.011235955056186,45,MEDIUM_RELATIVE,32,7.879213483146074
4206,SISTEMAS ORACLE DEL PERU S.R.L.,3,3,4454071.87,1484690.6233333333,4454071.87,90.28924627567808,8211.379448230715,3,4454071.87,4454071.87,3,90.28924627567808,1.0,325736.53,100.0,100.0,1.2178221775093678,True,95.50561797752809,52.80898876404494,43.82022471910113,93.25842696629213,10.112359550561791,60.89887640449439,48,55.842696629213485,73,70.33707865168539,21,59.101123595505626,52,MEDIUM_RELATIVE,52,14.494382022471903
7280,CONSORCIO NILS SOCIEDAD ANONIMA CERRADA,3,2,3018639.12,1006213.04,3018639.12,95.3489266381733,4682.965571184201,3,3018639.12,3018639.12,1,100.0,2.0,1349999.12,100.0,100.0,2.13539900048235,True,94.38202247191012,56.741573033707866,75.0,16.853932584269664,36.79775280898876,60.85674157303371,49,61.910112359550574,55,66.55898876404495,33,55.95505617977528,71,MEDIUM_RELATIVE,38,10.603932584269671
8523,TECNOLOGIA CRUZ SOCIEDAD ANONIMA CERRADA,2,1,165000.0,82500.0,165000.0,100.0,5200.0,2,165000.0,165000.0,1,100.0,0.0,0.0,100.0,100.0,1.9230769230769231,True,14.044943820224718,80.0561797752809,75.0,48.31460674157304,79.21348314606742,60.74438202247191,50,68.46910112359551,30,48.04775280898876,90,59.325842696629216,50,MEDIUM_RELATIVE,60,20.421348314606746
12671,DATA DEEP TECHNOLOGY S.A.C.,2,1,159158.6,79579.3,159158.6,100.0,5219.011212874239,2,159158.6,159158.6,1,100.0,0.0,0.0,100.0,100.0,1.9160717599786017,True,11.797752808988765,80.0561797752809,75.0,50.561797752808985,79.21348314606742,60.63202247191012,51,68.46910112359551,30,47.485955056179776,100,59.325842696629216,50,MEDIUM_RELATIVE,70,20.98314606741573
8813,INVERSIONES R. ORTIZ S.A.C.,3,3,4531812.8,1510604.2666666666,4531812.8,74.15030029484008,5832.411286913034,3,4531812.8,4531812.8,1,100.0,1.0,3360352.8,100.0,100.0,1.714556725867112,True,96.06741573033707,38.764044943820224,75.0,65.73033707865169,10.112359550561791,60.46348314606742,52,58.44101123595506,66,68.3005617977528,28,57.13483146067416,61,MEDIUM_RELATIVE,38,11.16573033707865
7962,CARNES EL FRESQUITO S.A.C.,2,2,471452.0,235726.0,471452.0,76.21984846813673,6374.960907384104,3,471452.0,385352.0,1,100.0,0.0,0.0,100.0,81.73727123864147,1.5686370701374845,True,66.29213483146067,41.57303370786517,75.0,78.65168539325843,36.79775280898876,59.95786516853932,53,59.21348314606742,61,61.55898876404495,45,59.66292134831461,49,MEDIUM_RELATIVE,16,2.3455056179775298
599,ARANYA CHOQUE ALEJANDRINO,3,1,273080.0,91026.66666666667,273080.0,100.0,3620.573121796508,3,273080.0,273080.0,1,100.0,0.0,0.0,100.0,100.0,2.761993657799143,True,39.325842696629216,80.0561797752809,75.0,8.98876404494382,79.21348314606742,59.90168539325843,54,67.06460674157303,39,52.26123595505618,74,56.51685393258427,67,MEDIUM_RELATIVE,35,14.803370786516851
4631,COMERCIAL CARMENCITA S.R.L.,2,1,171270.4,85635.2,171270.4,100.0,5079.2588770007405,2,171270.4,171270.4,1,100.0,0.0,0.0,100.0,100.0,1.9687911646482008,True,16.292134831460675,80.0561797752809,75.0,38.764044943820224,79.21348314606742,59.76123595505618,55,67.73876404494382,33,47.514044943820224,99,57.86516853932584,58,MEDIUM_RELATIVE,66,20.224719101123597
6600,CORPORACION DOMINIC S.A.C.,2,1,156669.0,78334.5,156669.0,100.0,5181.737783619188,2,156669.0,156669.0,1,100.0,0.0,0.0,100.0,100.0,1.9298545039489616,True,10.674157303370787,80.0561797752809,75.0,46.06741573033708,79.21348314606742,59.73314606741573,56,67.90730337078652,32,46.36235955056179,107,58.20224719101124,56,MEDIUM_RELATIVE,75,21.54494382022473
4598,BIOTOSCANA FARMA DE PERU S.A.C.,2,1,214784.96,107392.48,214784.96,100.0,6488.406092731015,2,214784.96,214784.96,2,77.2800851605252,0.0,0.0,100.0,100.0,1.5412105618979424,True,29.213483146067414,80.0561797752809,37.07865168539326,83.70786516853933,79.21348314606742,59.606741573033716,57,60.252808988764045,59,53.735955056179776,68,61.853932584269664,43,MEDIUM_RELATIVE,25,8.117977528089888
7096,Y & C SERVICIOS GENERALES E.I.R.L.,2,1,169800.0,84900.0,169800.0,100.0,5070.761555547231,2,169800.0,169800.0,1,100.0,2.0,169800.0,100.0,100.0,1.9720903636378562,True,15.730337078651685,80.0561797752809,75.0,38.20224719101124,79.21348314606742,59.56460674157303,58,67.62640449438203,34,47.20505617977528,102,57.640449438202246,59,MEDIUM_RELATIVE,68,20.421348314606746
7497,MASKHAY PERU S.A.C.,2,2,381247.5,190623.75,381247.5,77.18017823067692,6477.5241773027265,2,381247.5,381247.5,1,100.0,1.0,294247.5,100.0,100.0,1.5437997182689096,True,55.056179775280896,45.50561797752809,75.0,83.14606741573034,36.79775280898876,59.56460674157303,58,60.112359550561806,60,58.5252808988764,51,59.10112359550562,53,MEDIUM_RELATIVE,9,1.5870786516854025
2068,RETAMOZO VIVAR DANNY ISAUD,2,1,207800.0,103900.0,207800.0,100.0,5000.0741069418755,2,207800.0,207800.0,1,100.0,0.0,0.0,100.0,100.0,1.9999703576625905,True,28.089887640449437,80.0561797752809,75.0,20.786516853932586,79.21348314606742,59.42415730337079,60,67.12078651685393,37,49.53651685393258,85,56.62921348314607,64,MEDIUM_RELATIVE,48,17.584269662921344
7189,GEOANDINA INVERSIONES & OBRAS S.R.L.,2,1,189047.09,94523.545,189047.09,100.0,5016.442926499882,2,189047.09,189047.09,1,100.0,0.0,0.0,100.0,100.0,1.9934443880890103,True,21.348314606741575,80.0561797752809,75.0,27.528089887640448,79.21348314606742,59.08707865168539,61,67.12078651685393,37,47.85112359550561,93,56.62921348314607,64,MEDIUM_RELATIVE,56,19.269662921348313
6875,E & M MUÑOZ CONSTRUCCIONES Y SERVICIOS GENERALES S.A.C. - E & M MUÑOZ CONSTRUCSERG S.A.C.,2,2,1354860.0,677430.0,1354860.0,84.25667596652053,7347.039696550371,2,1354860.0,1354860.0,2,84.25667596652053,0.0,0.0,100.0,100.0,1.3610924144993068,True,85.3932584269663,48.87640449438202,41.01123595505618,88.76404494382022,36.79775280898876,58.988764044943814,62,53.16011235955057,80,67.07865168539327,31,60.1685393258427,47,MEDIUM_RELATIVE,49,13.918539325842701
2060,SOTO CARRASCO JORGE LUIS,2,1,172363.05,86181.525,172363.05,100.0,5038.100452063314,2,172363.05,172363.05,1,100.0,1.0,93704.58,100.0,100.0,1.9848750724897872,True,16.853932584269664,80.0561797752809,75.0,32.02247191011236,79.21348314606742,58.86235955056179,63,67.12078651685394,36,46.72752808988764,106,56.62921348314607,64,MEDIUM_RELATIVE,70,20.393258426966298
1634,CHOQUEPUMA YUCRA CARMEN LUZ,2,2,944800.0,472400.0,944800.0,69.69729043183743,5775.966500712309,2,944800.0,944800.0,1,100.0,1.0,658500.0,100.0,100.0,1.7313119802143537,True,81.46067415730337,34.26966292134831,75.0,64.6067415730337,36.79775280898876,58.6938202247191,64,56.40449438202248,71,64.05898876404494,38,58.426966292134836,55,MEDIUM_RELATIVE,33,7.654494382022463
11246,SUMAC G CONSTRUCTORA SOCIEDAD ANONIMA CERRADA,2,1,154700.0,77350.0,154700.0,100.0,5055.509151102139,2,154700.0,154700.0,1,100.0,0.0,0.0,100.0,100.0,1.9780401342602505,True,10.112359550561798,80.0561797752809,75.0,36.51685393258427,79.21348314606742,58.188202247191015,65,66.89606741573033,40,44.70505617977528,118,56.17977528089887,68,MEDIUM_RELATIVE,78,22.191011235955045
5200,PATRON SANTIAGO SEGURIDAD PRIVADA SOCIEDAD COMERCIAL DE RESPONSABILIDAD LIMITADA - PSSP S.R.L.,2,2,293500.8,146750.4,293500.8,79.07058515683774,6690.197842721909,2,293500.8,293500.8,1,100.0,0.0,0.0,100.0,100.0,1.494724107580576,True,41.57303370786517,46.06741573033708,75.0,84.8314606741573,36.79775280898876,57.289325842696634,66,59.15730337078652,62,53.497191011235955,69,56.853932584269664,63,MEDIUM_RELATIVE,7,5.660112359550567
1972,ACOSTA PUSCAN JHUNIOR,2,2,562979.0,281489.5,562979.0,85.2569989289121,7486.1119469466175,4,562979.0,562979.0,2,85.2569989289121,1.0,479979.0,100.0,100.0,1.3358069009479252,True,71.91011235955057,50.0,42.13483146067416,89.88764044943821,36.79775280898876,57.078651685393254,67,52.76685393258427,82,62.24719101123595,43,58.146067415730336,57,MEDIUM_RELATIVE,39,9.48033707865168
12712,TIKTOK INC,2,1,55808.178,27904.089,55808.178,100.0,5090.2533989621625,2,55808.178,55808.178,1,100.0,2.0,55808.178,100.0,100.0,1.9645387402597427,True,1.6853932584269662,80.0561797752809,75.0,39.8876404494382,79.21348314606742,57.008426966292134,68,66.39044943820224,42,41.83988764044943,128,55.168539325842694,74,MEDIUM_RELATIVE,86,24.550561797752806
1551,ORTIZ LOBATON YUDITH MILAGROS,2,2,160495.78,80247.89,160495.78,96.57574797293736,9338.600598477158,2,160495.78,160495.78,1,100.0,0.0,0.0,100.0,100.0,1.0708242519367084,True,12.92134831460674,57.30337078651685,75.0,98.31460674157303,36.79775280898876,56.95224719101123,69,62.134831460674164,53,46.306179775280896,108,56.06741573033708,70,MEDIUM_RELATIVE,55,15.828651685393268
4020,GRIFOSA S.A.C.,2,2,183500.0,91750.0,183500.0,92.64305177111717,8636.859728708358,2,183500.0,183500.0,1,100.0,1.0,170000.0,100.0,100.0,1.157828228558657,True,20.224719101123597,53.93258426966292,75.0,94.9438202247191,36.79775280898876,56.896067415730336,70,61.17977528089887,57,48.04775280898876,90,56.17977528089887,68,MEDIUM_RELATIVE,33,13.132022471910112
7200,SERVICIOS GENERALES ULYSOL TANTARICA E.I.R.L.,2,1,121121.0,60560.5,121121.0,100.0,5046.504090659853,2,121121.0,121121.0,1,100.0,2.0,121121.0,100.0,100.0,1.9815697798616971,True,4.49438202247191,80.0561797752809,75.0,34.26966292134831,79.21348314606742,56.72752808988764,71,66.10955056179775,43,42.12078651685394,127,54.60674157303371,76,MEDIUM_RELATIVE,84,23.988764044943807
10328,GRIFO PETRO ORIENTE S.A.C.,3,2,766868.5,255622.83333333334,766868.5,90.94988254179171,4709.3575265502595,3,766868.5,697466.0,1,100.0,0.0,0.0,100.0,90.94988254179171,2.123431899918902,True,78.08988764044943,53.37078651685393,75.0,17.415730337078653,36.79775280898876,56.67134831460674,72,58.98876404494383,63,59.45224719101124,49,52.13483146067416,87,MEDIUM_RELATIVE,38,7.317415730337082
10572,ELECTRONICA MUNDEX E.I.R.L.,2,1,181768.0,90884.0,181768.0,100.0,6170.648697385621,2,181768.0,181768.0,2,74.19347739976233,2.0,181768.0,100.0,100.0,1.620575159988738,True,19.662921348314608,80.0561797752809,32.58426966292135,74.71910112359551,79.21348314606742,55.2247191011236,73,56.825842696629216,68,47.8932584269663,92,57.24719101123596,60,MEDIUM_RELATIVE,32,9.353932584269664
7419,U & S CONSULTORES Y CONTRATISTAS GENERALES S.A.C.,2,2,998408.21,499204.105,998408.21,62.699804922477554,5322.5700901379705,2,998408.21,998408.21,1,100.0,0.0,0.0,100.0,100.0,1.8787916045537283,True,82.58426966292134,26.40449438202247,75.0,55.056179775280896,36.79775280898876,55.126404494382015,74,52.41573033707865,83,61.50280898876404,47,55.168539325842694,74,MEDIUM_RELATIVE,36,9.087078651685388
4249,ALFOMBRAS VARA E.I.R.L.,2,1,17950.2,8975.1,17950.2,100.0,5016.777646777493,2,17950.2,17950.2,1,100.0,0.0,0.0,100.0,100.0,1.9933113851325381,True,0.5617977528089888,80.0561797752809,75.0,28.089887640449437,79.21348314606742,55.014044943820224,75,65.09831460674157,46,39.62078651685393,133,52.58426966292135,83,MEDIUM_RELATIVE,87,25.477528089887635
12691,COMERCIALIZADORA AGROTECNOLOGICA S.A. COLTEC,2,1,196884.0,98442.0,196884.0,100.0,6019.051980709704,2,196884.0,196884.0,2,72.5726823916621,1.0,142884.0,100.0,100.0,1.6613912011474112,True,24.15730337078652,80.0561797752809,30.337078651685392,70.78651685393258,79.21348314606742,54.97191011235955,76,56.09550561797753,72,48.764044943820224,86,56.91011235955057,62,MEDIUM_RELATIVE,24,8.146067415730343
4330,INVERSIONES LA RIOJA S.A.,2,2,239891.47400000002,119945.73700000001,239891.47400000002,94.54633389763573,8968.751727439301,2,239891.47400000002,239891.47400000002,2,94.54633389763573,2.0,239891.47400000002,100.0,100.0,1.1149823636443925,True,35.39325842696629,56.17977528089887,46.62921348314607,97.75280898876404,36.79775280898876,53.93258426966291,77,53.94662921348315,78,50.73033707865168,81,54.55056179775281,77,MEDIUM_RELATIVE,4,3.820224719101134
4469,FERRELECTRIC GOMEZ S.A.C.,2,1,191344.0,95672.0,191344.0,100.0,5881.813873855918,2,191344.0,191344.0,2,70.99778409566017,1.0,55494.0,100.0,100.0,1.7001558047338106,True,22.471910112359552,80.0561797752809,27.528089887640448,67.41573033707866,79.21348314606742,53.426966292134836,78,54.60674157303371,77,47.16292134831461,103,55.337078651685395,72,MEDIUM_RELATIVE,31,8.174157303370784
6597,CORPORACION GRAFISSA S.A.C.,2,1,4799.0599999999995,2399.5299999999997,4799.0599999999995,100.0,6440.552634205677,2,4799.0599999999995,4799.0599999999995,2,76.83796410130319,1.0,3687.5,100.0,100.0,1.5526617928545683,True,0.0,80.0561797752809,35.95505617977528,81.46067415730337,79.21348314606742,53.14606741573034,79,56.71348314606742,69,41.54494382022472,131,55.337078651685395,72,MEDIUM_RELATIVE,62,15.168539325842701
10171,ALBAMIR CONTRATISTAS S.A.C.,2,2,444311.5,222155.75,444311.5,79.45146591974324,6734.777689643595,2,444311.5,444311.5,2,79.45146591974324,0.0,0.0,100.0,100.0,1.4848300063976128,True,63.48314606741573,46.62921348314607,38.20224719101124,85.3932584269663,36.79775280898876,52.72471910112359,80,48.75000000000001,95,56.93820224719101,53,54.101123595505626,78,MEDIUM_RELATIVE,42,8.188202247191
7738,ESTACION DE SERVICIOS PETROSUR S.A.C.,2,2,249652.0,124826.0,249652.0,74.30343037508212,6181.313455992928,2,249652.0,249652.0,1,100.0,1.0,185500.0,100.0,100.0,1.6177791453537704,True,35.95505617977528,39.325842696629216,75.0,75.28089887640449,36.79775280898876,52.710674157303366,81,54.943820224719104,76,48.4691011235955,87,52.47191011235955,84,MEDIUM_RELATIVE,11,6.474719101123604
5477,LEON CONTRATISTAS GENERALES S.A.C.,3,1,422879.67,140959.88999999998,422879.67,100.0,3460.848834021344,3,422879.67,422879.67,2,73.37907495056454,0.0,0.0,100.0,100.0,2.889464544563904,True,59.550561797752806,80.0561797752809,31.46067415730337,5.617977528089888,79.21348314606742,52.556179775280896,82,53.51123595505618,79,53.31460674157303,70,51.17977528089887,92,MEDIUM_RELATIVE,22,2.331460674157306
1408,TRUYENQUE MALPARTIDA CESAR,3,3,561420.0,187140.0,561420.0,69.4665312956432,5340.472845399335,3,561420.0,503421.0,1,100.0,1.0,57999.0,100.0,89.669231591322,1.8724933708097993,True,71.34831460674157,33.70786516853933,75.0,55.61797752808989,10.112359550561791,52.485955056179776,83,52.93539325842697,81,55.88483146067416,59,49.157303370786515,97,MEDIUM_RELATIVE,38,6.727528089887642
5925,LIFE SUPPORT & TECHNOLOGY S.A.C. - LST S.A.C.,2,1,299150.0,149575.0,299150.0,100.0,5202.145116215818,2,299150.0,299150.0,2,60.053484873809126,0.0,0.0,100.0,100.0,1.9222839379910017,True,42.69662921348315,80.0561797752809,17.415730337078653,48.87640449438202,79.21348314606742,52.16292134831461,84,51.235955056179776,85,50.95505617977528,78,53.65168539325843,79,MEDIUM_RELATIVE,7,2.696629213483149
5796,CORPORACION HELEO SOCIEDAD ANONIMA CERRADA,2,2,202697.5,101348.75,202697.5,76.30089172288756,6383.47381083811,2,202697.5,202697.5,1,100.0,0.0,0.0,100.0,100.0,1.5665451596310478,True,25.84269662921348,42.13483146067416,75.0,79.21348314606742,36.79775280898876,52.120786516853926,85,55.4494382022472,75,45.57584269662921,113,51.79775280898877,89,MEDIUM_RELATIVE,38,9.873595505617992
7146,ASKS THE MOON E.I.R.L.,2,1,328612.5,164306.25,328612.5,100.0,5117.0905744458,2,328612.5,328612.5,2,57.65148921602191,0.0,0.0,100.0,100.0,1.9542354888027438,True,47.19101123595506,80.0561797752809,15.730337078651685,42.69662921348315,79.21348314606742,51.71348314606742,86,50.47752808988764,90,51.57303370786518,77,52.97752808988765,81,MEDIUM_RELATIVE,13,2.500000000000007
5458,GEN LAB DEL PERU S.A.C.,3,1,433747.07,144582.35666666666,433747.07,100.0,4546.539042210053,3,433747.07,433747.07,3,61.75840911155895,3.0,433747.07,100.0,100.0,2.1994752287751265,True,62.359550561797754,80.0561797752809,18.53932584269663,15.730337078651685,79.21348314606742,51.40449438202248,87,50.2808988764045,91,54.01685393258427,66,51.17977528089888,91,MEDIUM_RELATIVE,25,3.735955056179769
4245,WÄRTSILÄ PERU S.A.C.,2,2,4268966.186,2134483.093,4268966.186,72.4570994294589,6008.642629569206,2,4268966.186,4268966.186,2,72.4570994294589,0.0,0.0,100.0,100.0,1.664269389360731,True,94.9438202247191,36.51685393258427,29.213483146067414,69.66292134831461,36.79775280898876,51.37640449438202,88,43.13202247191012,115,63.79213483146067,39,53.426966292134836,80,MEDIUM_RELATIVE,76,20.660112359550553
5388,INSTITUTO DE DESARROLLO ECONOMICO Y SOCIAL S.A.C. IDEAS S.A.C.,2,2,308000.0,154000.0,308000.0,84.41558441558442,7368.864901332434,2,308000.0,308000.0,2,84.41558441558442,1.0,260000.0,100.0,100.0,1.3570611123826963,True,44.38202247191011,49.438202247191015,41.57303370786517,89.32584269662921,36.79775280898876,51.17977528089887,89,49.53651685393259,93,50.955056179775276,79,52.30337078651686,85,MEDIUM_RELATIVE,14,2.7668539325842687
6130,CONSTRUCTORA Y CONSULTORA CALIFORNIA S.A.C.,2,1,511055.39,255527.695,511055.39,100.0,5004.708227616928,2,511055.39,511055.39,2,51.534312161349085,0.0,0.0,100.0,100.0,1.998118480677476,True,69.10112359550561,80.0561797752809,6.741573033707865,24.15730337078652,79.21348314606742,51.067415730337075,90,47.668539325842694,97,56.20786516853933,56,51.853932584269664,88,MEDIUM_RELATIVE,41,8.539325842696634
11038,INVERSIONES INTIPA KALLPAM SOCIEDAD ANONIMA CERRADA,2,1,223000.0,111500.0,223000.0,100.0,5304.148484787549,2,223000.0,223000.0,2,62.33183856502242,0.0,0.0,100.0,100.0,1.8853167532319823,True,30.337078651685392,80.0561797752809,19.10112359550562,54.49438202247191,79.21348314606742,50.95505617977528,91,51.15168539325843,86,47.1067415730337,104,52.640449438202246,82,MEDIUM_RELATIVE,22,5.5337078651685445
4679,BONANZA GRASS DEL SUR SOCIEDAD ANONIMA CERRADA,2,2,466000.0,233000.0,466000.0,60.08583690987125,5203.4482123450425,2,466000.0,466000.0,1,100.0,0.0,0.0,100.0,100.0,1.9218025416828914,True,65.1685393258427,24.15730337078652,75.0,49.438202247191015,36.79775280898876,50.126404494382015,92,49.213483146067425,94,53.24438202247191,72,50.1123595505618,93,MEDIUM_RELATIVE,22,4.0308988764044855
8487,FIERRO DOMINIC S.A.C.,2,1,192870.0,96435.0,192870.0,100.0,5375.715631582019,2,192870.0,192870.0,2,63.706123295484005,0.0,0.0,100.0,100.0,1.8602174455156402,True,23.03370786516854,80.0561797752809,19.662921348314608,56.741573033707866,79.21348314606742,49.97191011235955,93,50.84269662921348,89,44.606741573033716,119,51.74157303370787,90,MEDIUM_RELATIVE,30,7.134831460674157
5066,SERVICIOS MULTIPLES INTEGRADOS E.I.R.L.,2,2,300000.0,150000.0,300000.0,66.66666666666667,5555.555555555557,2,300000.0,300000.0,1,100.0,1.0,200000.0,100.0,100.0,1.7999999999999996,True,43.258426966292134,30.89887640449438,75.0,61.51685393258427,36.79775280898876,49.578651685393254,94,50.926966292134836,88,47.640449438202246,96,49.49438202247192,96,MEDIUM_RELATIVE,8,3.2865168539325893
9313,AERO VERTOL S.A.C.,3,1,665000.0,221666.66666666666,665000.0,100.0,3860.5913279439196,3,665000.0,665000.0,3,50.37593984962406,1.0,210000.0,100.0,100.0,2.5902767608727486,True,74.71910112359551,80.0561797752809,3.932584269662921,10.674157303370787,79.21348314606742,49.46629213483146,95,45.89887640449439,103,56.01123595505619,57,49.719101123595514,94,MEDIUM_RELATIVE,46,10.112359550561806
8225,CRC INGENIEROS CONTRATISTAS S.A.C.,3,1,321000.0,107000.0,321000.0,100.0,3378.315427839404,3,321000.0,321000.0,2,71.80685358255452,1.0,90500.0,100.0,100.0,2.960055155771965,True,46.62921348314607,80.0561797752809,28.651685393258425,4.49438202247191,79.21348314606742,49.10112359550561,96,51.12359550561798,87,47.556179775280896,97,47.80898876404495,104,MEDIUM_RELATIVE,17,3.567415730337082
7417,HUARAZ AGREGADOS C & V SOCIEDAD ANONIMA CERRADA  - HUARAZ AGREGADOS C & V S.A.C.,2,1,500000.0,250000.0,500000.0,100.0,5000.0,2,500000.0,500000.0,2,50.0,0.0,0.0,100.0,100.0,2.0,True,68.25842696629213,80.0561797752809,2.247191011235955,18.820224719101123,79.21348314606742,48.9747191011236,97,45.47752808988764,106,54.39606741573034,64,49.71910112359551,95,MEDIUM_RELATIVE,42,8.918539325842701
1482,PALOMINO CACÑAHUARAY ANDERZON,2,2,203080.0,101540.0,203080.0,71.91402402993894,5960.448898369484,2,203080.0,203080.0,1,100.0,2.0,203080.0,100.0,100.0,1.677725985157856,True,26.40449438202247,35.95505617977528,75.0,68.53932584269663,36.79775280898876,48.77808988764044,98,51.96629213483146,84,42.96348314606741,126,48.539325842696634,101,MEDIUM_RELATIVE,42,9.002808988764052
7619,PROMAINGSA S.A.C.,7,7,4554135.95,650590.85,4554135.95,63.5005197857565,4290.165777675223,7,4554135.95,4070335.0,1,100.0,2.0,326886.0,100.0,89.37666869606736,2.330912257991777,True,96.62921348314607,26.96629213483146,75.0,14.606741573033707,0.8426966292134779,48.44101123595507,99,48.20224719101124,96,57.57022471910113,52,42.80898876404494,123,MEDIUM_RELATIVE,71,14.761235955056186
5460,ALKOFARMA E.I.R.L.,2,2,284200.0,142100.0,284200.0,65.51724137931035,5481.569560047563,2,284200.0,284200.0,1,100.0,1.0,98000.0,100.0,100.0,1.8242950108459868,True,40.449438202247194,29.213483146067414,75.0,59.550561797752806,36.79775280898876,48.216292134831455,100,49.77528089887641,92,45.88483146067415,111,48.20224719101124,102,MEDIUM_RELATIVE,19,3.8904494382022605
11462,TAYFLO SG S.A.C.,2,1,406892.5,203446.25,406892.5,100.0,5001.43695915191,2,406892.5,406892.5,2,50.8476317454856,0.0,0.0,100.0,100.0,1.9994253814799043,True,57.30337078651685,80.0561797752809,4.49438202247191,21.910112359550563,79.21348314606742,47.80898876404494,101,45.47752808988765,105,50.81460674157303,80,48.59550561797753,100,MEDIUM_RELATIVE,25,5.337078651685381
8092,SOLUCIONES INTEGRALES GRAFICAS A MEDIDA S.A.C. - SIGRAM S.A.C.,2,1,39615.2,19807.6,39615.2,100.0,9362.771036718535,23,39615.2,39615.2,9,49.62741573941316,0.0,0.0,100.0,100.0,1.0680598682572078,True,1.1235955056179776,80.0561797752809,1.6853932584269662,98.87640449438203,79.21348314606742,47.41573033707866,102,46.57303370786517,102,39.46629213483146,135,52.19101123595506,86,MEDIUM_RELATIVE,49,12.724719101123597
4178,AQA QUIMICA SOCIEDAD ANONIMA,2,2,366354.3,183177.15,366354.3,80.39583539759188,6847.813619034999,3,366354.3,366354.3,3,68.18536045571186,1.0,71820.7,100.0,100.0,1.4603201191403352,True,52.80898876404494,47.19101123595506,23.03370786516854,85.95505617977528,36.79775280898876,47.050561797752806,103,42.65449438202248,121,50.58988764044944,82,49.157303370786515,97,MEDIUM_RELATIVE,39,7.935393258426963
4697,SIMOMAQ S.A.C.,2,1,204232.0,102116.0,204232.0,100.0,5092.4297173619825,2,204232.0,204232.0,2,56.798151122253124,0.0,0.0,100.0,100.0,1.9636991681802283,True,27.528089887640448,80.0561797752809,13.48314606741573,40.449438202247194,79.21348314606742,46.88202247191012,104,47.5,99,43.03370786516854,125,48.146067415730336,103,MEDIUM_RELATIVE,26,5.1123595505617985
8432,PROSIVIAL S.A.C.,2,2,535378.9299999999,267689.46499999997,535378.9299999999,72.56316941722007,6018.193228300351,2,535378.9299999999,535378.9299999999,2,72.56316941722007,0.0,0.0,100.0,100.0,1.6616282695901716,True,70.2247191011236,37.07865168539326,29.775280898876403,70.2247191011236,36.79775280898876,46.82584269662921,105,41.1376404494382,125,54.18539325842696,65,48.82022471910113,99,MEDIUM_RELATIVE,60,13.047752808988761
5122,BUSINESS SB SAN ANTONIO E.I.R.L,3,2,1342828.32,447609.44,1342828.32,58.27368832971888,3440.6751948934475,3,1342828.32,1342828.32,1,100.0,1.0,560312.73,100.0,100.0,2.906406281779145,True,84.8314606741573,21.348314606741575,75.0,5.056179775280899,36.79775280898876,46.55898876404494,106,45.61797752808989,104,53.89044943820224,67,44.60674157303371,117,MEDIUM_RELATIVE,50,9.28370786516853
4028,GRUNENTHAL PERUANA S A,2,2,337991.0,168995.5,337991.0,74.51085975662073,6201.564492017459,3,337991.0,337991.0,2,74.51085975662073,1.0,86151.0,100.0,100.0,1.6124963326386137,True,48.87640449438202,39.8876404494382,33.146067415730336,75.84269662921348,36.79775280898876,45.08426966292134,107,41.867977528089895,124,47.556179775280896,97,46.91011235955056,106,MEDIUM_RELATIVE,27,5.6882022471910005
12137,BIENES & SERVICIOS BRIONES E.I.R.L.,2,1,168005.0,84002.5,168005.0,100.0,5107.505509958037,2,168005.0,168005.0,2,57.33162703490967,2.0,168005.0,100.0,100.0,1.9579029294247712,True,15.168539325842696,80.0561797752809,15.168539325842696,42.13483146067416,79.21348314606742,45.08426966292134,107,47.02247191011236,100,38.59550561797752,140,46.34831460674157,109,MEDIUM_RELATIVE,40,8.426966292134836
4699,CONTRATAS GENERALES ANTARES PERU S.A.C.,2,2,234720.0,117360.0,234720.0,76.68711656441718,6424.40438104558,2,234720.0,234720.0,2,76.68711656441718,1.0,54720.0,100.0,100.0,1.5565645321928643,True,34.26966292134831,44.38202247191011,35.39325842696629,80.89887640449439,36.79775280898876,44.8314606741573,109,43.497191011235955,114,43.70786516853933,121,46.348314606741575,108,LOWER_RELATIVE,13,2.8511235955056193
4870,CORPORACION TECNO MARKET S.A.,2,1,272000.0,136000.0,272000.0,100.0,5004.325259515571,2,272000.0,272000.0,2,51.470588235294116,0.0,0.0,100.0,100.0,1.9982713915298185,True,38.764044943820224,80.0561797752809,6.179775280898877,23.59550561797753,79.21348314606742,44.7752808988764,110,44.38202247191011,110,43.90449438202246,120,45.56179775280899,114,LOWER_RELATIVE,10,1.6573033707865292
9953,PPR SOLUTIONS S.R.L.,2,2,361500.0,180750.0,361500.0,74.13554633471647,6165.04919375049,3,361500.0,361500.0,2,74.13554633471647,0.0,0.0,100.0,100.0,1.6220470730609902,True,52.247191011235955,38.20224719101124,32.02247191011236,73.59550561797752,36.79775280898876,44.63483146067416,111,40.91292134831461,126,48.061797752808985,89,46.57303370786517,107,LOWER_RELATIVE,37,7.148876404494374
5874,GLG INVERSIONES S.A.C.,2,2,455666.4,227833.2,455666.4,76.91153001406292,6448.4608953956185,3,455666.4,455666.4,2,53.40749285003239,0.0,0.0,100.0,100.0,1.5507576400347376,True,64.6067415730337,44.943820224719104,8.98876404494382,82.02247191011236,36.79775280898876,44.63483146067415,112,37.62640449438202,136,52.1629213483146,75,47.47191011235955,105,LOWER_RELATIVE,61,14.536516853932575
6676,INVERCON PROYECTOS S.A.C.,2,2,287560.0,143780.0,287560.0,76.15801919599387,6368.483936515968,2,287560.0,287560.0,2,76.15801919599387,0.0,0.0,100.0,100.0,1.570232428892761,True,41.01123595505618,41.01123595505618,33.70786516853933,78.08988764044943,36.79775280898876,44.32584269662921,113,41.952247191011246,123,45.056179775280896,115,46.12359550561798,111,LOWER_RELATIVE,12,4.171348314606732
9837,SERVICIO DE TRANSPORTES DE RESIDUOS AMBIENTALES DEL PERU STRAP EMPRESA INDIVIDUAL DE RESPONSABILIDAD,2,2,305925.0,152962.5,305925.0,58.264280460897275,5136.596663072737,2,305925.0,305925.0,1,100.0,0.0,0.0,100.0,100.0,1.9468143317326285,True,43.82022471910113,20.786516853932586,75.0,44.943820224719104,36.79775280898876,44.17134831460674,114,45.2808988764045,107,43.35674157303371,122,44.26966292134832,119,LOWER_RELATIVE,15,1.9241573033707908
4065,ISETEK S A,2,2,228890.0,114445.0,228890.0,76.45593953427411,6399.833473282336,2,228890.0,228890.0,2,76.45593953427411,2.0,228890.0,100.0,100.0,1.5625406569948166,True,33.70786516853933,43.258426966292134,34.831460674157306,80.33707865168539,36.79775280898876,44.157303370786515,115,42.73876404494382,119,43.08988764044943,123,45.78651685393259,113,LOWER_RELATIVE,10,3.0477528089887684
4030,MERCK PERUANA S A,3,2,590026.14,196675.38,590026.14,70.38315285488876,5396.321917721421,4,590026.14,590026.14,3,70.38315285488876,1.0,79076.52,100.0,100.0,1.8531140566614799,True,73.03370786516854,34.831460674157306,26.40449438202247,58.42696629213483,36.79775280898876,44.10112359550562,116,38.16011235955057,135,52.58426966292135,73,45.89887640449438,112,LOWER_RELATIVE,62,14.424157303370784
9065,AGROSERVICIOS E INVERSIONES COLLCA S.R.L.,2,2,674015.3400000001,337007.67000000004,674015.3400000001,68.37216790941285,5675.073107383318,2,674015.3400000001,674015.3400000001,2,68.37216790941285,1.0,460838.9,100.0,100.0,1.762091837546536,True,75.28089887640449,32.02247191011236,23.59550561797753,63.48314606741573,36.79775280898876,43.76404494382022,117,36.783707865168545,142,53.25842696629213,71,46.23595505617978,110,LOWER_RELATIVE,71,16.474719101123583
4016,MEDIFARMA S A,2,2,160260.0,80130.0,160260.0,81.4301759640584,6975.71192226335,2,160260.0,160260.0,2,81.4301759640584,1.0,29760.0,100.0,100.0,1.4335454375752639,True,12.359550561797754,48.31460674157304,38.764044943820224,86.51685393258427,36.79775280898876,43.31460674157303,118,44.62078651685394,109,37.078651685393254,144,44.55056179775281,118,LOWER_RELATIVE,35,7.542134831460686
7993,INVERSIONES Y SERVICIOS ZENTROPOLY S.A.C.,2,2,224570.0,112285.0,224570.0,76.39934096272877,6393.850406532819,2,224570.0,224570.0,2,76.39934096272877,0.0,0.0,100.0,100.0,1.564002809603217,True,30.89887640449438,42.69662921348315,34.26966292134831,79.7752808988764,36.79775280898876,43.20224719101123,119,41.980337078651694,122,41.68539325842696,130,44.88764044943821,115,LOWER_RELATIVE,15,3.2022471910112458
9342,INGENIERIA DE VEHICULOS ESPECIALES Y MAQUINARIAS 5S S.A.C. - IVEMAQ S.A.C.,2,2,420000.0,210000.0,420000.0,53.57142857142857,5025.510204081633,2,420000.0,420000.0,1,100.0,1.0,225000.0,100.0,100.0,1.9898477157360406,True,58.98876404494382,14.044943820224718,75.0,30.89887640449438,36.79775280898876,43.07584269662921,120,42.69662921348315,120,45.96910112359551,109,43.146067415730336,120,LOWER_RELATIVE,11,3.2724719101123583
1004,MORALES RUEDA RICHARD ROLANDO,2,2,375165.9,187582.95,375165.9,54.375674868105015,5038.293061102731,2,375165.9,375165.9,1,100.0,1.0,171166.91,100.0,100.0,1.9847991926478568,True,54.49438202247191,15.730337078651685,75.0,32.58426966292135,36.79775280898876,42.93539325842696,121,43.08988764044944,116,44.76123595505618,117,42.921348314606746,121,LOWER_RELATIVE,5,1.839887640449433
7340,MAQUINARIAS TOOLS PERU S.A.C.,3,1,178100.0,59366.666666666664,178100.0,100.0,3373.4431161038865,3,178100.0,178100.0,2,70.74677147669848,1.0,67900.0,100.0,100.0,2.964330405413614,True,17.97752808988764,80.0561797752809,26.96629213483146,3.932584269662921,79.21348314606742,42.86516853932585,122,47.61235955056179,98,35.758426966292134,147,41.629213483146074,128,LOWER_RELATIVE,49,11.853932584269657
12145,COMPANY & ASFALTOS ELAINE S.A.C.,2,2,225411.32,112705.66,225411.32,59.9878125020518,5199.512797152285,2,225411.32,225411.32,1,100.0,0.0,0.0,100.0,100.0,1.9232571185278913,True,31.46067415730337,23.03370786516854,75.0,47.752808988764045,36.79775280898876,42.79494382022472,123,45.2247191011236,108,39.28370786516854,138,42.80898876404495,122,LOWER_RELATIVE,30,5.9410112359550595
4735,D & G INGENIEROS ASOCIADOS SOCIEDAD COMERCIAL DE REPONSABILIDAD LIMITADA,2,2,2102462.66,1051231.33,2102462.66,61.73331991541766,5275.341592475073,2,2102462.66,2102462.66,2,61.73331991541766,1.0,804542.66,100.0,100.0,1.8956118432717874,True,89.88764044943821,25.280898876404493,17.97752808988764,53.93258426966292,36.79775280898876,41.82584269662921,124,32.62640449438202,155,55.477528089887635,61,44.77528089887641,116,LOWER_RELATIVE,94,22.851123595505612
5449,CASA MATUK S.R.L.,2,2,549044.0,274522.0,549044.0,50.07103255841062,5000.010091248709,3,549044.0,549044.0,1,100.0,0.0,0.0,100.0,100.0,1.9999959635086633,True,70.78651685393258,7.303370786516854,75.0,19.662921348314608,36.79775280898876,41.72752808988764,125,40.0561797752809,130,47.65449438202247,95,41.91011235955056,127,LOWER_RELATIVE,35,7.5983146067415674
5772,SEGURICEL SOCIEDAD ANONIMA CERRADA - SEGURICEL S.A.C.,2,2,134600.03999999998,67300.01999999999,134600.03999999998,66.5676176619264,5548.971909983552,2,134600.03999999998,134600.03999999998,1,100.0,1.0,45000.0,100.0,100.0,1.802135632009289,True,5.056179775280899,30.337078651685392,75.0,60.674157303370784,36.79775280898876,41.64325842696629,126,46.79775280898877,101,32.12078651685393,157,41.57303370786517,129,LOWER_RELATIVE,56,14.676966292134836
10631,MULTISERVICIOS D & N CONSTRUCTORES S.A.C.,2,1,145977.25,72988.625,145977.25,100.0,5048.60570113195,2,145977.25,145977.25,2,54.929792142268745,0.0,0.0,100.0,100.0,1.9807449010640494,True,7.865168539325842,80.0561797752809,10.674157303370787,34.831460674157306,79.21348314606742,41.40449438202248,127,43.98876404494382,113,33.90449438202248,153,42.52808988764045,124,LOWER_RELATIVE,40,10.084269662921344
8910,FARIMAC CONSTRUCTORA Y CONSULTORA SOCIEDAD COMERCIAL DE RESPONSABILIDAD LIMITADA - FARIMAC S.R.L.,2,2,425200.0,212600.0,425200.0,51.74035747883349,5006.057688308263,2,425200.0,425200.0,1,100.0,1.0,220000.0,100.0,100.0,1.9975798567713627,True,60.1123595505618,10.112359550561798,75.0,25.280898876404493,36.79775280898876,41.27808988764044,128,40.674157303370784,127,44.78932584269662,116,41.46067415730337,130,LOWER_RELATIVE,14,4.115168539325836
5100,CORPORACION KAZUKI  MERCURY EMPRESA INDIVIDUAL DE RESPONSABILIDAD LIMITADA,2,1,99385.0,49692.5,99385.0,100.0,5065.498466319994,2,99385.0,99385.0,2,55.722694571615435,0.0,0.0,100.0,100.0,1.9741393796659947,True,2.808988764044944,80.0561797752809,12.359550561797754,37.640449438202246,79.21348314606742,41.235955056179776,129,44.353932584269664,111,32.556179775280896,156,42.41573033707866,125,LOWER_RELATIVE,45,11.797752808988768
10416,FP MAYORISTA S.A.C.,3,3,684654.0,228218.0,684654.0,68.56076207836367,5255.996793719957,3,684654.0,684654.0,3,68.56076207836367,1.0,145500.0,100.0,100.0,1.9025886796484235,True,76.40449438202248,33.146067415730336,25.280898876404493,52.80898876404494,10.112359550561791,40.47752808988764,130,35.53370786516854,145,49.91573033707865,84,39.550561797752806,135,LOWER_RELATIVE,61,14.382022471910112
12346,CORPORATIVO FERRO ACEROS PERU S.A.C.,3,3,312392.12,104130.70666666667,312392.12,63.72667786882717,4781.439579358588,3,312392.12,273194.12,1,100.0,1.0,74117.0,100.0,87.45230833607455,2.09142034193423,True,44.943820224719104,28.089887640449437,75.0,17.97752808988764,10.112359550561791,39.87359550561798,131,44.28370786516854,112,38.55337078651686,141,35.2247191011236,147,LOWER_RELATIVE,35,9.05898876404494
8422,COMPACTNETWORK E.I.R.L.,2,2,196000.0,98000.0,196000.0,58.16326530612245,5133.277800916285,2,196000.0,196000.0,1,100.0,0.0,0.0,100.0,100.0,1.9480730223123732,True,23.59550561797753,20.224719101123597,75.0,43.82022471910113,36.79775280898876,39.78932584269663,132,42.921348314606746,118,34.985955056179776,148,39.8876404494382,134,LOWER_RELATIVE,30,7.93539325842697
4015,INTEGRATEL PERÚ S.A.A.,2,2,4913379.5,2456689.75,4913379.5,57.23137201187085,5104.585482348139,2,4913379.5,4913379.5,2,57.23137201187085,2.0,4913379.5,100.0,100.0,1.9590229284200258,True,97.19101123595506,19.662921348314608,14.606741573033707,41.57303370786517,36.79775280898876,38.90449438202247,133,28.693820224719104,159,54.915730337078664,63,41.96629213483147,126,LOWER_RELATIVE,96,26.22191011235956
4747,ESTACION DE SERVICIOS GRUPO A & T PERU SOCIEDAD ANONIMA CERRADA,4,4,834720.0,208680.0,834720.0,50.028752156411734,3879.289944912919,4,834720.0,834720.0,1,100.0,0.0,0.0,100.0,100.0,2.577791333466433,True,80.33707865168539,6.741573033707865,75.0,11.235955056179776,3.3707865168539257,38.8623595505618,134,38.27247191011236,134,46.7556179775281,105,35.337078651685395,146,LOWER_RELATIVE,41,11.418539325842701
2170,PABLO ORBEZO LUIS CARLOS,2,2,163800.0,81900.0,163800.0,59.82905982905983,5193.2208342464755,2,163800.0,163800.0,1,100.0,0.0,0.0,100.0,100.0,1.9255872837248558,True,13.48314606741573,22.471910112359552,75.0,46.62921348314607,36.79775280898876,38.86235955056179,135,43.08988764044944,116,31.81179775280899,159,38.87640449438202,137,LOWER_RELATIVE,43,11.278089887640451
4050,INSTITUTO QUIMIOTERAPICO S A,3,3,1060160.0,353386.6666666667,1060160.0,59.990944763054635,4646.711260755201,3,1060160.0,1060160.0,2,91.11832176275279,1.0,94160.0,100.0,100.0,2.152059691002785,True,83.70786516853933,23.59550561797753,44.38202247191011,16.292134831460675,10.112359550561791,38.37078651685393,136,35.47752808988764,146,48.31460674157304,88,35.61797752808989,145,LOWER_RELATIVE,58,12.837078651685395
7060,GLOBAL FUEL SOCIEDAD ANONIMA,3,3,686102.12,228700.70666666667,686102.12,43.91903351063833,3920.1121506203312,3,686102.12,686102.12,1,100.0,0.0,0.0,100.0,100.0,2.5509474259346296,True,76.96629213483146,4.49438202247191,75.0,11.797752808988765,10.112359550561791,38.27247191011236,137,37.42977528089887,137,45.71629213483146,112,35.674157303370784,144,LOWER_RELATIVE,32,10.042134831460679
6786,VISUAL TECHNOLOGY S.A.C.,2,2,227325.0,113662.5,227325.0,71.26360936984493,5904.282166866714,2,227325.0,227325.0,2,71.26360936984493,2.0,227325.0,100.0,100.0,1.6936859921968808,True,33.146067415730336,35.39325842696629,28.089887640449437,67.97752808988764,36.79775280898876,38.146067415730336,138,35.94101123595506,144,38.42696629213483,142,40.2808988764045,132,LOWER_RELATIVE,12,4.33988764044944
11811,LEOMOTORS AUTOMOTRIZ S.A.C.,2,1,151670.0,75835.0,151670.0,100.0,5000.248850310047,2,151670.0,151670.0,2,50.35273950023076,1.0,75300.0,100.0,100.0,1.9999004648298528,True,9.55056179775281,80.0561797752809,3.3707865168539324,21.348314606741575,79.21348314606742,37.89325842696629,139,40.252808988764045,129,31.46067415730337,160,38.70786516853933,138,LOWER_RELATIVE,31,8.792134831460675
12001,CORPORACION DARE PERU E.I.R.L.,2,1,178899.64,89449.82,178899.64,99.99999999999999,5064.953245772711,2,178899.64,178899.64,2,55.698826448169484,2.0,178899.64,99.99999999999999,99.99999999999999,1.9743518873241637,True,18.53932584269663,58.98876404494382,11.797752808988765,37.07865168539326,79.21348314606742,37.83707865168539,140,37.24719101123596,139,34.46629213483146,152,41.123595505617985,131,LOWER_RELATIVE,21,6.657303370786522
7101,COHUPER INGENIEROS SOCIEDAD ANONIMA CERRADA,2,2,226577.77000000002,113288.88500000001,226577.77000000002,61.259319482224576,5253.544550405603,2,226577.77000000002,226577.77000000002,1,99.99999999999999,0.0,0.0,99.99999999999999,99.99999999999999,1.903476767743017,True,32.58426966292135,24.719101123595507,48.87640449438202,51.68539325842696,36.79775280898876,37.58426966292134,141,37.26123595505618,138,36.74157303370786,145,38.932584269662925,136,LOWER_RELATIVE,9,2.1910112359550666
6956,MATERIALES Y SERVICIOS PARA CONSTRUCCION Y DISTRIBUCION S.A.C.,4,4,413695.20999999996,103423.80249999999,413695.20999999996,55.63109130511809,3757.3119046774746,4,413695.20999999996,413695.20999999996,1,100.0,2.0,296585.21,100.0,100.0,2.6614772086264673,True,57.86516853932584,17.97752808988764,75.0,10.112359550561798,3.3707865168539257,37.57022471910113,142,40.407303370786515,128,39.84550561797753,132,32.86516853932584,151,LOWER_RELATIVE,23,7.542134831460672
8408,SAMA OCUPACIONAL E.I.R.L.,2,2,329652.0,164826.0,329652.0,66.79771395289578,5564.326388086619,2,329652.0,329652.0,2,66.79771395289578,0.0,0.0,100.0,100.0,1.7971627296001695,True,47.752808988764045,31.46067415730337,21.910112359550563,62.359550561797754,36.79775280898876,37.5,143,33.103932584269664,151,41.71348314606742,129,40.0561797752809,133,LOWER_RELATIVE,22,8.609550561797754
11177,ITCEN CONTRATISTAS Y ASOCIADOS S.A.C.,3,3,391800.0,130600.0,391800.0,53.905053598774884,3973.2979369572404,3,391800.0,391800.0,1,100.0,0.0,0.0,100.0,100.0,2.5168009443706656,True,55.61797752808989,14.606741573033707,75.0,12.92134831460674,10.112359550561791,37.205056179775276,144,39.45224719101123,131,39.36797752808989,136,33.651685393258425,150,LOWER_RELATIVE,19,5.800561797752806
4879,FRESENIUS MEDICAL CARE DEL PERU S.A.,3,2,570439.8,190146.6,570439.8,75.02558552190783,4293.769235546454,3,570439.8,570439.8,3,58.19646525365165,2.0,427975.8,100.0,100.0,2.3289560876289923,True,72.47191011235955,40.449438202247194,16.292134831460675,15.168539325842696,36.79775280898876,36.657303370786515,145,32.485955056179776,156,45.47752808988764,114,36.235955056179776,143,LOWER_RELATIVE,42,12.991573033707866
12614,JCH Y M SERVICIOS E.I.R.L.,2,1,98595.0,49297.5,98595.0,100.0,5000.019558225287,2,98595.0,98595.0,2,50.098889396013995,0.0,0.0,100.0,100.0,1.999992176740487,True,2.247191011235955,80.0561797752809,2.808988764044944,20.224719101123597,79.21348314606742,36.12359550561798,146,39.21348314606742,132,28.286516853932586,166,36.91011235955057,142,LOWER_RELATIVE,34,10.926966292134832
6277,TIENDAS ROJAS EXPRESS E.I.R.L.,3,3,1175200.0,391733.3333333333,1175200.0,62.5425459496256,5021.333216865365,3,1175200.0,1175200.0,2,66.98434309053778,1.0,52200.0,100.0,100.0,1.9915029670631248,True,84.26966292134831,25.84269662921348,22.471910112359552,29.775280898876403,10.112359550561791,35.70224719101124,147,30.1123595505618,158,47.7247191011236,94,34.49438202247191,148,LOWER_RELATIVE,64,17.6123595505618
6610,EMPRESA DE MULTISERVICIOS GENERALES J Y B SANTA ROSA S.A.C.,2,2,294405.0,147202.5,294405.0,66.54098945330412,5547.208664188636,2,294405.0,294405.0,2,66.54098945330412,1.0,98505.0,100.0,100.0,1.8027084621058964,True,42.13483146067416,29.775280898876403,21.348314606741575,60.1123595505618,36.79775280898876,35.39325842696629,148,31.446629213483146,157,38.70786516853932,139,38.03370786516854,139,LOWER_RELATIVE,18,7.261235955056176
4222,ALCON PHARMACEUTICAL DEL PERU SA,3,2,2118755.44,706251.8133333334,2118755.44,63.62757940576661,5044.6233847756785,5,2118755.44,2118755.44,5,34.29796267567341,3.0,2118755.44,100.0,100.0,1.9823085366846815,True,90.4494382022472,27.528089887640448,0.0,33.70786516853933,36.79775280898876,35.08426966292135,149,25.26685393258427,162,50.42134831460674,83,37.69662921348315,140,LOWER_RELATIVE,79,25.15449438202247
10282,MEYU CONTRATISTAS GENERALES SOCIEDAD ANONIMA CERRADA,2,2,207830.0,103915.0,207830.0,68.49348024827984,5684.0176233870325,2,207830.0,207830.0,2,68.49348024827984,0.0,0.0,100.0,100.0,1.7593189646096012,True,28.651685393258425,32.58426966292135,24.719101123595507,64.04494382022472,36.79775280898876,34.971910112359545,150,32.794943820224724,153,34.971910112359545,149,37.359550561797754,141,LOWER_RELATIVE,12,4.56460674157303
2208,CAYETANO ARIAS LUCERO,3,3,446700.4,148900.13333333333,446700.4,41.125550816609966,3495.331050380383,3,446700.4,446700.4,1,100.0,0.0,0.0,100.0,100.0,2.8609593357149214,True,64.04494382022472,3.3707865168539324,75.0,6.179775280898877,10.112359550561791,34.50842696629213,151,35.12640449438202,148,39.48033707865168,134,31.741573033707866,154,LOWER_RELATIVE,20,7.738764044943814
4791,SERVICENTRO MODA S.A.C.,3,3,264307.24,88102.41333333333,264307.24,55.18908222113023,4063.8653532301755,3,264307.24,264307.24,1,100.0,3.0,264307.24,100.0,100.0,2.4607114485354367,True,37.640449438202246,16.853932584269664,75.0,14.044943820224718,10.112359550561791,34.45224719101124,152,38.66573033707865,133,32.79494382022472,155,30.730337078651683,156,LOWER_RELATIVE,23,7.935393258426966
4026,HERMES TRANSPORTES BLINDADOS  S A,2,2,202115.05,101057.525,202115.05,51.554745675792084,5004.83446823279,2,202115.05,202115.05,1,100.0,0.0,0.0,100.0,100.0,1.9980680806674125,True,25.280898876404493,9.55056179775281,75.0,24.719101123595507,36.79775280898876,34.05898876404494,153,36.91011235955057,140,30.66011235955056,162,34.26966292134831,149,LOWER_RELATIVE,22,6.250000000000007
6427,FACOIMPEC E.I.R.L.,3,3,332919.02,110973.00666666667,332919.02,46.31252669192646,3943.035657169291,3,332919.02,332919.02,1,100.0,1.0,44887.81,100.0,100.0,2.5361170604221748,True,48.31460674157304,6.179775280898877,75.0,12.359550561797754,10.112359550561791,33.13202247191011,154,35.29494382022472,147,34.676966292134836,150,30.393258426966295,157,LOWER_RELATIVE,10,4.901685393258422
12560,SIKMA GROUP DISTRIBUCIONES EMPRESA INDIVIDUAL DE RESPONSABILIDAD LIMITADA,3,3,357077.6,119025.86666666665,357077.6,39.14555267538485,3525.2455293766034,3,357077.6,357077.6,1,100.0,0.0,0.0,100.0,100.0,2.8366818471700546,True,51.68539325842696,2.808988764044944,75.0,7.865168539325842,10.112359550561791,32.12078651685393,155,33.83426966292134,150,34.67696629213483,151,29.494382022471907,159,LOWER_RELATIVE,9,5.182584269662922
5115,CONSULTORES EN INGENIERIA REGULADA Y SOSTENIBLE E.I.R.L.,2,2,141000.0,70500.0,141000.0,53.191489361702125,5020.371208691716,2,141000.0,141000.0,1,100.0,0.0,0.0,100.0,100.0,1.9918845807033363,True,6.741573033707865,12.92134831460674,75.0,29.213483146067414,36.79775280898876,32.03651685393258,156,36.853932584269664,141,24.59269662921348,170,32.13483146067416,152,LOWER_RELATIVE,29,12.261235955056183
8185,COMPAÑIA TEXJULIACA E.I.R.L.,2,2,137231.5,68615.75,137231.5,52.761865898135625,5015.255806478568,2,137231.5,137231.5,1,100.0,0.0,0.0,100.0,100.0,1.9939162399417947,True,6.179775280898877,11.797752808988765,75.0,26.96629213483146,36.79775280898876,31.249999999999996,157,36.123595505617985,143,23.8061797752809,171,31.348314606741575,155,LOWER_RELATIVE,28,12.317415730337085
5622,GRUPO SANTA FE SOCIEDAD ANONIMA CERRADA - GRUPO SANTA FE S.A.C.,41,28,5842965.92,142511.363902439,5842965.92,13.609927747105532,397.9898734252016,41,5842965.92,4952187.92,2,93.56644224438074,14.0,1506999.81,100.0,84.75469458154909,25.126267444790663,True,97.75280898876404,0.0,45.50561797752809,0.0,0.0,30.926966292134832,158,25.702247191011235,161,45.926966292134836,110,28.651685393258425,160,LOWER_RELATIVE,51,20.2247191011236
10905,INVERSIONES & DISTRIBUCIONES D'MHARO S.A.C.,4,3,349125.35,87281.3375,349125.35,36.55420610391082,2825.433612432058,4,349125.35,349125.35,1,100.0,0.0,0.0,100.0,100.0,3.539279760812453,True,50.561797752808985,1.6853932584269662,75.0,2.808988764044944,10.112359550561791,30.80056179775281,159,32.76685393258427,154,33.24438202247191,154,28.03370786516854,162,LOWER_RELATIVE,8,5.2106741573033695
1535,PRINCIPE GAVIDIA LINEKER LAURO,2,2,136299.95,68149.975,136299.95,51.241654894224105,5003.083413752702,2,136299.95,136299.95,1,100.0,0.0,0.0,100.0,100.0,1.998767394625392,True,5.617977528089888,8.426966292134832,75.0,23.03370786516854,36.79775280898876,29.536516853932582,160,34.325842696629216,149,22.31741573033708,173,29.775280898876407,158,LOWER_RELATIVE,24,12.008426966292138
7732,IMPORTACIONES CHAPI E.I.R.L.,4,3,274510.6,68627.65,274510.6,44.23727171191204,2644.861334798115,4,274510.6,274510.6,1,100.0,1.0,58233.0,100.0,100.0,3.7809165525735624,True,39.8876404494382,5.056179775280899,75.0,1.6853932584269662,10.112359550561791,29.508426966292134,161,32.93539325842696,152,29.480337078651687,164,26.34831460674157,164,LOWER_RELATIVE,12,6.587078651685392
7376,CONSULTORES Y EJECUTORES INGENIEROS YAKU SOCIEDAD ANONIMA CERRADA,2,2,172500.0,86250.0,172500.0,63.768115942028984,5379.122033186305,2,172500.0,172500.0,2,63.768115942028984,0.0,0.0,100.0,100.0,1.8590394377196409,True,17.415730337078653,28.651685393258425,20.224719101123597,57.30337078651685,36.79775280898876,29.410112359550563,162,27.85112359550562,160,28.005617977528093,167,32.07865168539326,153,LOWER_RELATIVE,14,4.227528089887642
5549,EDENRED PERU S.A.,7,7,2252922.17,321846.02428571426,2252922.17,28.036604566770276,1972.1687598618107,7,2252922.17,2252922.17,3,81.45101124376613,0.0,0.0,100.0,100.0,5.070559986307002,True,92.13483146067416,0.5617977528089888,39.325842696629216,0.5617977528089888,0.8426966292134779,28.59550561797753,163,23.300561797752813,164,43.033707865168545,124,26.685393258426966,163,LOWER_RELATIVE,40,19.73314606741573
5466,DIAGNOSTICA PERUANA S.A.C.,4,4,654175.0,163543.75,654175.0,54.782741621125844,3718.5915578574095,4,654175.0,523575.0,3,68.44769135271929,0.0,0.0,100.0,80.03592310925976,2.689190206671107,True,74.15730337078652,16.292134831460675,24.15730337078652,9.55056179775281,3.3707865168539257,27.52808988764045,164,23.511235955056183,163,38.31460674157304,143,25.505617977528093,166,LOWER_RELATIVE,23,14.803370786516854
665,GUEVARA MEGO ELMER,2,2,185307.96000000002,92653.98000000001,185307.96000000002,58.28136039056282,5137.161859836765,2,185307.96000000002,185307.96000000002,2,58.28136039056282,2.0,185307.96000000002,100.0,100.0,1.9466001408641138,True,20.786516853932586,21.910112359550563,16.853932584269664,45.50561797752809,36.79775280898876,25.449438202247194,165,23.132022471910112,165,25.73033707865169,169,28.370786516853933,161,LOWER_RELATIVE,8,5.238764044943821
5592,PROMOCIONES E INVERSIONES ARCO SOCIEDAD ANONIMA CERRADA - PROMOCIONES E INVERSIONES ARCO S.A.C.,5,5,674724.09,134944.818,674724.09,35.93661521704376,2513.4665994962493,5,674724.09,674724.09,2,79.38312829470784,1.0,90550.0,100.0,100.0,3.978568882516365,True,75.84269662921348,1.1235955056179776,37.640449438202246,1.1235955056179776,1.68539325842697,25.252808988764045,166,21.40449438202247,166,36.54494382022472,146,23.48314606741573,169,LOWER_RELATIVE,23,15.140449438202246
5390,CONSULTORES & CONTRATISTAS GENERALES FOREPT S.A.C.,2,2,346596.0,173298.0,346596.0,51.78824914309455,5006.395669995557,2,346596.0,346596.0,2,51.78824914309455,0.0,0.0,100.0,100.0,1.9974450001889033,True,50.0,10.674157303370787,7.303370786516854,25.84269662921348,36.79775280898876,22.584269662921347,167,16.25,171,30.786516853932586,161,26.123595505617978,165,LOWER_RELATIVE,10,14.536516853932586
4345,LABORATORIOS AC FARMA S.A.,3,3,2028544.0,676181.3333333334,2028544.0,45.675321807168096,3582.3550280801287,5,2028544.0,2028544.0,5,45.675321807168096,0.0,0.0,100.0,100.0,2.7914597859830894,True,89.32584269662921,5.617977528089888,1.1235955056179776,8.426966292134832,10.112359550561791,22.10674157303371,168,12.921348314606742,177,39.29775280898876,137,22.921348314606742,172,LOWER_RELATIVE,40,26.37640449438202
9456,DESTILATIG S.A.C.,2,2,226500.0,113250.0,226500.0,54.083885209713024,5033.356236812226,2,226500.0,226500.0,2,54.083885209713024,1.0,104000.0,100.0,100.0,1.9867459264781342,True,32.02247191011236,15.168539325842696,10.112359550561798,31.46067415730337,36.79775280898876,21.882022471910112,169,17.794943820224717,169,25.758426966292138,168,25.1123595505618,167,LOWER_RELATIVE,2,7.963483146067421
5680,NETWORKING SAT E.I.R.L,2,2,342000.0,171000.0,342000.0,50.87719298245614,5001.53893505694,2,342000.0,342000.0,2,50.87719298245614,0.0,0.0,100.0,100.0,1.9993846153846155,True,49.438202247191015,7.865168539325842,5.056179775280899,22.471910112359552,36.79775280898876,20.56179775280899,170,13.946629213483147,175,29.15730337078652,165,24.325842696629216,168,LOWER_RELATIVE,10,15.210674157303371
4077,TECNOFARMA S A,2,2,146836.0,73418.0,146836.0,56.41395842981285,5082.277725478734,2,146836.0,146836.0,2,56.41395842981285,0.0,0.0,100.0,100.0,1.9676217121837891,True,8.426966292134832,18.53932584269663,12.92134831460674,39.325842696629216,36.79775280898876,20.0561797752809,171,18.553370786516854,168,18.59550561797753,175,23.20224719101124,170,LOWER_RELATIVE,7,4.648876404494384
10654,AD LAB S.A.C.,2,2,113419.23999999999,56709.619999999995,113419.23999999999,57.221332112611584,5104.295274961271,2,113419.23999999999,113419.23999999999,2,57.221332112611584,0.0,0.0,100.0,100.0,1.959134309696822,True,3.932584269662921,19.10112359550562,14.044943820224718,41.01123595505618,36.79775280898876,19.859550561797754,172,18.890449438202246,167,17.331460674157302,176,22.97752808988764,171,LOWER_RELATIVE,9,5.646067415730339
4327,PACIFICO COMPAÑIA DE SEGUROS Y REASEGUROS,4,4,435561.234,108890.3085,435561.234,42.08852755706905,2918.6451547890006,4,435561.234,435561.234,3,65.71609400849479,0.0,0.0,100.0,100.0,3.4262472721604063,True,62.92134831460674,3.932584269662921,20.786516853932586,3.3707865168539324,3.3707865168539257,19.803370786516854,173,15.646067415730338,172,29.915730337078653,163,18.876404494382022,176,LOWER_RELATIVE,13,14.269662921348315
6718,INVESTMENTS GLOBO S.A.C.,4,4,525700.0,131425.0,525700.0,51.33155792276964,3512.6691011439443,4,525700.0,525700.0,4,51.33155792276964,0.0,0.0,100.0,100.0,2.846838034571311,True,69.66292134831461,8.98876404494382,5.617977528089888,6.741573033707865,3.3707865168539257,19.382022471910116,174,13.370786516853935,176,31.853932584269668,158,18.876404494382022,176,LOWER_RELATIVE,18,18.48314606741573
4453,SERVICIOS & COMERCIO GREEN FOREST  E.I.R.L.,2,2,105000.0,52500.0,105000.0,55.23809523809524,5054.875283446712,2,105000.0,105000.0,2,55.23809523809524,1.0,47000.0,100.0,100.0,1.9782881751300914,True,3.3707865168539324,17.415730337078653,11.235955056179776,35.39325842696629,36.79775280898876,17.696629213483146,175,16.615168539325843,170,15.50561797752809,178,20.842696629213485,174,LOWER_RELATIVE,8,5.337078651685395
7937,ANDET S.A.C.,2,2,180327.6,90163.8,180327.6,53.003533568904594,5018.042427799073,2,180327.6,180327.6,2,53.003533568904594,0.0,0.0,100.0,100.0,1.9928089775809301,True,19.10112359550562,12.359550561797754,8.426966292134832,28.651685393258425,36.79775280898876,17.6123595505618,176,14.508426966292136,174,19.353932584269664,174,21.067415730337082,173,LOWER_RELATIVE,3,6.558988764044946
4029,ABBOTT LABORATORIOS SA,2,2,157956.0,78978.0,157956.0,53.46805439489478,5024.054802571898,2,157956.0,157956.0,2,53.46805439489478,1.0,73500.0,100.0,100.0,1.9904241480170224,True,11.235955056179776,13.48314606741573,9.55056179775281,30.337078651685392,36.79775280898876,16.910112359550563,177,14.733146067415731,173,16.853932584269664,177,20.280898876404493,175,LOWER_RELATIVE,4,5.547752808988761
1321,SEGURA REYNOSO JHON MOISES,2,2,148724.34,74362.17,148724.34,52.59417523722075,5013.459490322819,2,148724.34,148724.34,2,52.59417523722075,1.0,78220.34,100.0,100.0,1.994630657593305,True,8.98876404494382,11.235955056179776,7.865168539325842,26.40449438202247,36.79775280898876,14.775280898876405,178,12.626404494382024,178,14.662921348314608,179,18.258426966292134,178,LOWER_RELATIVE,1,5.63202247191011
4580,UNIVERSIDAD CIENTIFICA DEL SUR S.A.C.,4,3,351990.0,87997.5,351990.0,38.3533623114293,2779.9116356205095,4,351990.0,351990.0,4,38.3533623114293,1.0,135000.0,100.0,100.0,3.59723664301577,True,51.12359550561798,2.247191011235955,0.5617977528089888,2.247191011235955,10.112359550561791,12.387640449438203,179,6.938202247191012,179,22.331460674157302,172,13.258426966292134,179,LOWER_RELATIVE,7,15.393258426966291
